U_Estilo;U_Descrip_Color;U_Descripcion;Empresa;U_Division;U_Coleccion;U_Genero
43691;BLACK;GIZEH BF BIRKENSTOCK;SBO_00_DISRESALV;CLASSIC;CORE ESSENTIAL;UNISEX
43751;MOCHA;GIZEH BFBC BIRKENSTOCK;SBO_00_DISRESALV;CLASSIC;CORE ESSENTIAL;UNISEX
51061;BLUE;ARIZONA SFB BF BIRKENSTOCK;SBO_00_DISRESALV;CLASSIC;CORE ESSENTIAL;UNISEX
51101;DARK BROWN;ARIZONA NL BIRKENSTOCK;SBO_00_DISRESALV;CLASSIC;SEASONAL;UNISEX
51701;DARK BROWN;ARIZONA BF BIRKENSTOCK;SBO_00_DISRESALV;CLASSIC;CORE ESSENTIAL;UNISEX
51791;BLACK;ARIZONA BF BIRKENSTOCK;SBO_00_DISRESALV;CLASSIC;CORE ESSENTIAL;UNISEX
128201;BLACK;GIZEH EVA BIRKENSTOCK;SBO_00_DISRESALV;ACTIVE;SEASONAL;UNISEX
128221;WHITE;GIZEH EVA BIRKENSTOCK;SBO_00_DISRESALV;ACTIVE;SEASONAL;UNISEX
151211;STONE;ARIZONA BFBC BIRKENSTOCK;SBO_00_DISRESALV;CLASSIC;CORE ESSENTIAL;UNISEX
151213;STONE;ARIZONA BFBC BIRKENSTOCK;SBO_00_DISRESALV;CLASSIC;CORE ESSENTIAL;UNISEX
452763;HABANA;ARIZONA SFB LEOI BIRKENSTOCK;SBO_00_DISRESALV;CLASSIC;CORE ESSENTIAL;UNISEX
551251;BLACK;ARIZONA SFB BF BIRKENSTOCK;SBO_00_DISRESALV;CLASSIC;CORE ESSENTIAL;UNISEX
745531;WHITE;GIZEH BF BIRKENSTOCK;SBO_00_DISRESALV;CLASSIC;CORE ESSENTIAL;UNISEX
1005960;METALLIC SILVER;ARIZONA SFB LENA BIRKENSTOCK;SBO_00_DISRESALV;CLASSIC;SEASONAL;WOMENS
1013643;BLUE;ARIZONA SFB LEOI BIRKENSTOCK;SBO_00_DISRESALV;CLASSIC;SEASONAL;UNISEX
1013644;BLUE;ARIZONA SFB LEOI BIRKENSTOCK;SBO_00_DISRESALV;CLASSIC;SEASONAL;UNISEX
1014190;WHITE;MAYARI BF BIRKENSTOCK;SBO_00_DISRESALV;CLASSIC;SEASONAL;WOMENS
1016110;GOLD;ARIZONA BF BIRKENSTOCK;SBO_00_DISRESALV;CLASSIC;SEASONAL;WOMENS
1018745;COGNAC HEX;GIZEH BIG BUCKLE LEOI BIRKENSTOCK;SBO_00_DISRESALV;CLASSIC;CORE ESSENTIAL;WOMENS
1024550; THYME VEG;ARIZONA SYN DESERT DUST BIRKENSTOCK;SBO_00_DISRESALV;CLASSIC;SEASONAL;MENS
1025255;GRACEFUL MARS RED;MAYARI BF BIRKENSTOCK;SBO_00_DISRESALV;CLASSIC;CORE ESSENTIAL;WOMENS
129423;BLACK;ARIZONA EVA BIRKENSTOCK;SBO_00_DISRESALV;ACTIVE;SEASONAL;UNISEX
129443;WHITE;ARIZONA EVA BIRKENSTOCK;SBO_00_DISRESALV;ACTIVE;SEASONAL;UNISEX
151181;MOCCA;ARIZONA BFBC BIRKENSTOCK;SBO_00_DISRESALV;CLASSIC;CORE ESSENTIAL;UNISEX
230114;BLACK;ARIZONA SL BF BIRKENSTOCK;SBO_00_DISRESALV;CLASSIC;SEASONAL;UNISEX
452761;HABANA;ARIZONA SFB LEOI BIRKENSTOCK;SBO_00_DISRESALV;CLASSIC;CORE ESSENTIAL;UNISEX
752481;BLACK;ARIZONA SFB LEOI BIRKENSTOCK;SBO_00_DISRESALV;CLASSIC;CORE ESSENTIAL;UNISEX
352201;TABACCO BROWN;ARIZONA LEOI;SBO_00_DISRESALV;CLASSIC;CORE ESSENTIAL;UNISEX
352203;TABACCO BROWN;ARIZONA LEOI ;SBO_00_DISRESALV;CLASSIC;CORE ESSENTIAL;UNISEX
1011075;BLACK HEX;ARIZONA BIG BUCKLE LEOI;SBO_00_DISRESALV;CLASSIC;CORE ESSENTIAL;WOMENS
1016107;GOLD;MADRID BF;SBO_00_DISRESALV;CLASSIC;SEASONAL;WOMENS
1016108;GOLD;GIZEH BF;SBO_00_DISRESALV;CLASSIC;SEASONAL;WOMENS
1021349;BLACK;GIZEH BRAIDED LEOI;SBO_00_DISRESALV;CLASSIC;SEASONAL;WOMENS
1022465;GOLD;ARIZONA EVA GLAMOUR;SBO_00_DISRESALV;ACTIVE;SEASONAL;UNISEX
1023942;COPPER;ARIZONA BF;SBO_00_DISRESALV;CLASSIC;SEASONAL;WOMENS
1024691;LIME;ARIZONA EVA FADED;SBO_00_DISRESALV;ACTIVE;SEASONAL;UNISEX
1024945;WHITE;ARIZONA SFB NL;SBO_00_DISRESALV;CLASSIC;SEASONAL;UNISEX
1026585;ECRU;ARIZONA BIG BUCKLE LENB;SBO_00_DISRESALV;ACTIVE;SEASONAL;WOMENS
1027355;PINK;ARIZONA EVA FONDANT;SBO_00_DISRESALV;ACTIVE;SEASONAL;WOMENS
1027384;EGGSHELL;ARIZONA EVA;SBO_00_DISRESALV;ACTIVE;SEASONAL;UNISEX
1027400;GREEN;GIZEH EVA SURF;SBO_00_DISRESALV;ACTIVE;SEASONAL;UNISEX
1027402;ROAST;ARIZONA EVA;SBO_00_DISRESALV;ACTIVE;SEASONAL;UNISEX
34871;HABANA;MILANO LEOI;SBO_00_DISRESALV;CLASSIC;CORE ESSENTIAL;UNISEX
43391;STONE;GIZEH BFBC;SBO_00_DISRESALV;CLASSIC;CORE ESSENTIAL;UNISEX
43851;SILVER;GIZEH BF;SBO_00_DISRESALV;CLASSIC;SEASONAL;WOMENS
51703;DARK BROWN;ARIZONA BF;SBO_00_DISRESALV;CLASSIC;CORE ESSENTIAL;UNISEX
51793;BLACK;ARIZONA BF ;SBO_00_DISRESALV;CLASSIC;CORE ESSENTIAL;UNISEX
53011;BLACK;FLORIDA SFB BF;SBO_00_DISRESALV;CLASSIC;CORE ESSENTIAL;WOMENS
53881;MOCCA;FLORIDA SFB BFBC;SBO_00_DISRESALV;CLASSIC;CORE ESSENTIAL;WOMENS
129421;BLACK;ARIZONA EVA;SBO_00_DISRESALV;ACTIVE;SEASONAL;UNISEX
151183;MOCCA;ARIZONA BFBC;SBO_00_DISRESALV;CLASSIC;CORE ESSENTIAL;UNISEX
259881;BLACK LAF;BOSTON SHEARLING LEVE;SBO_00_DISRESALV;CLASSIC;CORE ESSENTIAL;WOMENS
259883;BLACK LAF;BOSTON SHEARLING LEVE;SBO_00_DISRESALV;CLASSIC;CORE ESSENTIAL;WOMENS
552111;BLACK;ARIZONA LEOI;SBO_00_DISRESALV;CLASSIC;CORE ESSENTIAL;UNISEX
552681;WHITE;ARIZONA BF;SBO_00_DISRESALV;CLASSIC;CORE ESSENTIAL;UNISEX
555123;BLACK;ARIZONA KIDS BF;SBO_00_DISRESALV;CLASSIC;CORE ESSENTIAL;BOYS
960811;TABACCO BROWN;BOSTON LEOI;SBO_00_DISRESALV;CLASSIC;CORE ESSENTIAL;UNISEX
1005048;METALLIC COPPER;GIZEH SFB LENA;SBO_00_DISRESALV;CLASSIC;SEASONAL;WOMENS
1012478;METALLIC COPPER;ARIZONA KIDS BF ELECTRIC;SBO_00_DISRESALV;CLASSIC;CORE ESSENTIAL;GIRLS
1014614;LIGHT ROSE;ARIZONA EVA;SBO_00_DISRESALV;CLASSIC;0;WOMENS
1017374;CAMO KHAKI;ARIZONA KIDS BF DESERT SOIL;SBO_00_DISRESALV;CLASSIC;0;UNISEX
1018461;BLACK;ARIZONA CT M LEOI;SBO_00_DISRESALV;ACTIVE;SEASONAL;MENS
1018463;KHAKI;ARIZONA CT M LEOI FADED;SBO_00_DISRESALV;ACTIVE;SEASONAL;MENS
1018923;PURPLE;ARIZONA EVA KIDS BEETROOT;SBO_00_DISRESALV;ACTIVE;0;WOMENS
1019094;KHAKI;ARIZONA EVA;SBO_00_DISRESALV;CLASSIC;SEASONAL;UNISEX
1019143;KHAKI;GIZEH EVA;SBO_00_DISRESALV;ACTIVE;SEASONAL;UNISEX
1019703;BLACK/WHITE;ARIZONA SPLIT BF;SBO_00_DISRESALV;CLASSIC;0;UNISEX
1022173;SILVER VEG;ARIZONA K MF FLASHY HOLOGRAM;SBO_00_DISRESALV;CLASSIC;0;WOMENS
1022466;POPCORN;ARIZONA EVA;SBO_00_DISRESALV;CLASSIC;0;WOMENS
1023042;BLACK VEG;ARIZONA SYN DESERT DUST;SBO_00_DISRESALV;CLASSIC;SEASONAL;MENS
1023160;EGGSHELL;BOSTON FE;SBO_00_DISRESALV;CLASSIC;0;WOMENS
1023434;LAVENDERBLUSHVEG;ARIZONA K BFBC EARTHY V;SBO_00_DISRESALV;CLASSIC;0;WOMENS
1023943;METALLIC COPPER;GIZEH BF;SBO_00_DISRESALV;CLASSIC;SEASONAL;WOMENS
1023960;COPPER;ARIZONA BF;SBO_00_DISRESALV;CLASSIC;SEASONAL;WOMENS
1025484;THYME VEG;MAYARI SYN SOFT;SBO_00_DISRESALV;CLASSIC;0;WOMENS
1025779;BR VEG;ARIZONA SYN DESERT DUST;SBO_00_DISRESALV;CLASSIC;SEASONAL;MENS
1027191;BLACK;SUPER-BIRKI FUSION PU;SBO_00_DISRESALV;PROFESSIONAL;CORE ESSENTIAL;UNISEX
160581;CACAO;BOSTON FE ;SBO_00_DISRESALV;CLASSIC;CORE ESSENTIAL;UNISEX
1019152;KHAKI;ARIZONA EVA ;SBO_00_DISRESALV;ACTIVE;SEASONAL;UNISEX
1019484;TABACCO BROWN;BOSTON LEOI SFB ;SBO_00_DISRESALV;CLASSIC;SEASONAL;UNISEX
129441;WHITE;ARIZONA EVA ;SBO_00_DISRESALV;ACTIVE;SEASONAL;UNISEX
552683;WHITE;ARIZONA BF;SBO_00_DISRESALV;CLASSIC;CORE ESSENTIAL;UNISEX
1019656;EARTHY  VEG LIGHT  ROSE VEG;GIZEH  BFBC  ;SBO_00_DISRESALV;CLASSIC;0;WOMENS
1027726;LATTE CREAM;ARIZONA LEVE  ;SBO_00_DISRESALV;CLASSIC;0;UNISEX
43663;PATENT BLACK;GIZEH BF;SBO_00_DISRESALV;CLASSIC;CORE ESSENTIAL;WOMENS
52533;HABANA;ARIZONA LEOI;SBO_00_DISRESALV;CLASSIC;CORE ESSENTIAL;UNISEX
127103;BLACK;BOSTON EVA;SBO_00_DISRESALV;ACTIVE;SEASONAL;UNISEX
127133;WHITE;BOSTON EVA;SBO_00_DISRESALV;ACTIVE;SEASONAL;UNISEX
951303;TAUPE;ARIZONA SFB;SBO_00_DISRESALV;CLASSIC;CORE ESSENTIAL;UNISEX
951313;MOCCA;ARIZONA SFB;SBO_00_DISRESALV;CLASSIC;CORE ESSENTIAL;UNISEX
1001505;METALLIC ANTHRACITE;GIZEH EVA;SBO_00_DISRESALV;ACTIVE;SEASONAL;UNISEX
1005292;PATENT BLACK;ARIZONA BF;SBO_00_DISRESALV;CLASSIC;CORE ESSENTIAL;WOMENS
1005294;PATENT WHITE;ARIZONA BF;SBO_00_DISRESALV;CLASSIC;CORE ESSENTIAL;WOMENS
1005300;PATENT WHITE;GIZEH BF;SBO_00_DISRESALV;CLASSIC;CORE ESSENTIAL;WOMENS
1009527;MINK;ARIZONA SFB;SBO_00_DISRESALV;CLASSIC;CORE ESSENTIAL;UNISEX
1011073;COGNAC;ARIZONA BIG BUCKLE LEOI;SBO_00_DISRESALV;CLASSIC;CORE ESSENTIAL;WOMENS
1012283;SILVER;ARIZONA BF;SBO_00_DISRESALV;CLASSIC;SEASONAL;WOMENS
1014841;ELECTRIC METALLIC GOLD;ARIZONA KIDS BF;SBO_00_DISRESALV;CLASSIC;SEASONAL;GIRLS
1015398;BLACK;BARBADOS EVA;SBO_00_DISRESALV;ACTIVE;SEASONAL;UNISEX
1015399;WHITE;BARBADOS EVA;SBO_00_DISRESALV;ACTIVE;SEASONAL;UNISEX
1016111;GOLD;ARIZONA BF;SBO_00_DISRESALV;CLASSIC;SEASONAL;WOMENS
1017724;WHITE;BEND LOW LENA;SBO_00_DISRESALV;SHOES;SEASONAL;UNISEX
1018924;BLACK;ARIZONA EVA KIDS;SBO_00_DISRESALV;ACTIVE;SEASONAL;BOYS
1018941;WHITE;ARIZONA EVA KIDS;SBO_00_DISRESALV;ACTIVE;SEASONAL;BOYS
1019142;NAVY;ARIZONA EVA;SBO_00_DISRESALV;ACTIVE;SEASONAL;UNISEX
1021360;BLACK;GIZEH BRAIDED LEOI;SBO_00_DISRESALV;CLASSIC;SEASONAL;WOMENS
1021476;HIGH SHINE BLACK;ARIZONA BB LENA;SBO_00_DISRESALV;CLASSIC;SEASONAL;WOMENS
1023115;VINTAGE WOOD BLACK;ARIZONA LE;SBO_00_DISRESALV;CLASSIC;SEASONAL;MENS
1023117;VINTAGE WOOD ROAST;ARIZONA LE;SBO_00_DISRESALV;CLASSIC;SEASONAL;MENS
1024211;HIGH SHINE BLACK;MILANO BB LENNA;SBO_00_DISRESALV;CLASSIC;SEASONAL;WOMENS
1026437;BLACK;ARIZONA BF SAFFIANO;SBO_00_DISRESALV;CLASSIC;SEASONAL;MENS
1026484;HIGH SHINE NEW BEIGE;MILANO BB LENNA;SBO_00_DISRESALV;CLASSIC;SEASONAL;WOMENS
1026515;GRACEFUL LICORICE;SYDNEY BF;SBO_00_DISRESALV;CLASSIC;SEASONAL;WOMENS
1026544;NEW BEIGE;UJI W LENA HS LENB;SBO_00_DISRESALV;CLASSIC;SEASONAL;WOMENS
1026622;GRACEFUL TAUPE;CATALINA BF;SBO_00_DISRESALV;CLASSIC;SEASONAL;WOMENS
1026631;GRACEFUL PEARL WHITE;CATALINA BF;SBO_00_DISRESALV;CLASSIC;SEASONAL;WOMENS
1026739;ICY GENTLE ROSE;MOGAMI AS KIDS BF;SBO_00_DISRESALV;CLASSIC;SEASONAL;GIRLS
1026743;ELEMENTAL BLU;ARIZONA EVA KIDS;SBO_00_DISRESALV;ACTIVE;SEASONAL;BOYS
1027161;APEX BLACK;MOGAMI TERRA BF;SBO_00_DISRESALV;ACTIVE;SEASONAL;UNISEX
1027395;BLACK;ARIZONA PLATAFORM FLEX BF;SBO_00_DISRESALV;N/A;SEASONAL;WOMENS
1027404;SURF GREEN;ARIZONA EVA;SBO_00_DISRESALV;ACTIVE;SEASONAL;UNISEX
1027416;WHITE;ARIZONA PLATFORM FLEX BF;SBO_00_DISRESALV;N/A;SEASONAL;WOMENS
1028030;THYME;ARIZONA LEOI;SBO_00_DISRESALV;CLASSIC;SEASONAL;WOMENS
1028152;MIDNIGHT;ARIZONA LEVE LEOI;SBO_00_DISRESALV;CLASSIC;SEASONAL;MENS
1028366;DARK TEA;ARIZONA PLATAFORM FLEX LENB;SBO_00_DISRESALV;CLASSIC;SEASONAL;WOMENS
1028424;METALLIC TAUPE;ARIZONA PLATFORM FLEX BF;SBO_00_DISRESALV;CLASSIC;SEASONAL;WOMENS
1028432;ZINFANDEL;ARIZONA PLATAFORM FLEX LENB;SBO_00_DISRESALV;CLASSIC;SEASONAL;WOMENS
51191;BLACK;ARIZONA NL;SBO_00_DISRESALV;CLASSIC;SEASONAL;UNISEX
1028024;CROCUS;ARIZONA LENB;SBO_00_DISRESALV;CLASSIC;SEASONAL;WOMENS
1020752;DESERT BUCK WHALE GRAY;ARIZONA LENB;SBO_00_DISRESALV;CLASSIC;SEASONAL;MENS
1023449;VINTAGE WOOD ROAST;BOSTON LE;SBO_00_DISRESALV;ACTIVE;SEASONAL;MENS
1002314;BLACK;BOSTON EVA;SBO_00_DISRESALV;ACTIVE;SEASONAL;UNISEX
159711;HABANA;BOSTON SFB LEOI;SBO_00_DISRESALV;CLASSIC;SEASONAL;UNISEX
52531;HABANNA;ARIZONA LEOI;SBO_00_DISRESALV;CLASSIC;CORE ESSENTIAL;UNISEX
59461;BLACK;BOSTON LEOI;SBO_00_DISRESALV;CLASSIC;CORE ESSENTIAL;UNISEX
860131;HABANA;BOSTON LEOI;SBO_00_DISRESALV;CLASSIC;CORE ESSENTIAL;UNISEX
560771;TAUPE;BOSTON SFB LEVE;SBO_00_DISRESALV;CLASSIC;0;UNISEX
1002315;WHITE;BOSTON EVA;SBO_00_DISRESALV;ACTIVE;SEASONAL;UNISEX
1028011;ZINFANDEL;ARIZONA LEOI;SBO_00_DISRESALV;CLASSIC;SEASONAL;WOMENS
1027818;HIGH SHINE ESPRESSO;ARIZONA HAMMERED BB LENA HS;SBO_00_DISRESALV;CLASSIC;SEASONAL;WOMENS
1028151;THYME;ARIZONA LEVE-LEOI;SBO_00_DISRESALV;CLASSIC;SEASONAL;MENS
660463;MOCCA;BOSTON SFB LEVE;SBO_00_DISRESALV;CLASSIC;CORE ESSENTIAL;UNISEX
1027979;EGGSHELL METALLIC COPPER;ARIZONA SPLIT BF;SBO_00_DISRESALV;CLASSIC;SEASONAL;WOMENS
1025611;DESERT DUST BLACK;ARIZONA SYN;SBO_00_DISRESALV;CLASSIC;SEASONAL;UNISEX
1009353;0;MILANO EVA KIDS BLACK;SBO_00_DISRESALV;SEASONAL;ACTIVE;BOYS
1015487;0;HONOLULU EVA BLACK;SBO_00_DISRESALV;SEASONAL;ACTIVE;UNISEX
1018426;0;MILANO CT LEOI BLACK;SBO_00_DISRESALV;SEASONAL;ACTIVE;MENS
1025741;0;ARIZONA CT W LEOI BLACK;SBO_00_DISRESALV;SEASONAL;ACTIVE;WOMENS
128163;0;MADRID EVA BLACK;SBO_00_DISRESALV;SEASONAL;ACTIVE;UNISEX
1027305;0;ARIZONA EVA EGGSHELL;SBO_00_DISRESALV;SEASONAL;ACTIVE;UNISEX
1027381;0;BOSTON EVA EGGSHELL;SBO_00_DISRESALV;SEASONAL;ACTIVE;UNISEX
1027382;0;BOSTON EVA EGGSHELL;SBO_00_DISRESALV;SEASONAL;ACTIVE;UNISEX
1026744;0;MILANO EVA KIDS ELEMENTAL BLUE;SBO_00_DISRESALV;SEASONAL;ACTIVE;BOYS
1026984;0;MILANO CT W LEOI ELEMENTAL BLUE;SBO_00_DISRESALV;SEASONAL;ACTIVE;WOMENS
1026990;0;ARIZONA CT M LEOI EL. BLUE;SBO_00_DISRESALV;SEASONAL;ACTIVE;MENS
1026991;0;ARIZONA CT W LEOI ELEM. BLUE;SBO_00_DISRESALV;SEASONAL;ACTIVE;WOMENS
1027035;0;MILANO CT LEOI ELEMENTAL BLUE;SBO_00_DISRESALV;SEASONAL;ACTIVE;MENS
1027259;0;BOSTON EVA ELEMENTAL BLUE;SBO_00_DISRESALV;SEASONAL;ACTIVE;UNISEX
1027275;0;ARIZONA EVA ELEMENTAL BLUE;SBO_00_DISRESALV;SEASONAL;ACTIVE;UNISEX
1027341;0;BOSTON EVA ELEMENTAL BLUE;SBO_00_DISRESALV;SEASONAL;ACTIVE;UNISEX
1027376;0;ARIZONA EVA ELEMENTAL BLUE;SBO_00_DISRESALV;SEASONAL;ACTIVE;UNISEX
1018427;0;MILANO CT LEOI FADED KHAKI;SBO_00_DISRESALV;SEASONAL;ACTIVE;MENS
1024508;0;GIZEH EVA FADED LIME;SBO_00_DISRESALV;SEASONAL;ACTIVE;UNISEX
1024571;0;ARIZONA EVA FADED LIME;SBO_00_DISRESALV;SEASONAL;ACTIVE;UNISEX
1026649;0;ARIZONA EVA KIDS FONDANT PINK;SBO_00_DISRESALV;SEASONAL;ACTIVE;GIRLS
1027352;0;GIZEH EVA FONDANT PINK;SBO_00_DISRESALV;SEASONAL;ACTIVE;UNISEX
1027375;0;BOSTON EVA FONDANT PINK;SBO_00_DISRESALV;SEASONAL;ACTIVE;UNISEX
1027403;0;BOSTON EVA FONDANT PINK;SBO_00_DISRESALV;SEASONAL;ACTIVE;UNISEX
1027412;0;RIO EVA KIDS FONDANT PINK;SBO_00_DISRESALV;SEASONAL;ACTIVE;GIRLS
1022433;0;ARIZONA EVA GLAMOUR GOLD;SBO_00_DISRESALV;SEASONAL;ACTIVE;UNISEX
1026215;0;BOSTON EVA KHAKI;SBO_00_DISRESALV;SEASONAL;ACTIVE;UNISEX
1026238;0;BOSTON EVA KHAKI;SBO_00_DISRESALV;SEASONAL;ACTIVE;UNISEX
1001497;0;ARIZONA EVA METALLIC ANTHRACITE;SBO_00_DISRESALV;SEASONAL;ACTIVE;UNISEX
1001498;0;ARIZONA EVA METALLIC ANTHRACITE;SBO_00_DISRESALV;SEASONAL;ACTIVE;UNISEX
1003490;0;ARIZONA EVA METALLIC SILVER;SBO_00_DISRESALV;SEASONAL;ACTIVE;UNISEX
1003491;0;ARIZONA EVA METALLIC SILVER;SBO_00_DISRESALV;SEASONAL;ACTIVE;UNISEX
1019051;0;ARIZONA EVA NAVY;SBO_00_DISRESALV;SEASONAL;ACTIVE;UNISEX
1027328;0;ARIZONA EVA ROAST;SBO_00_DISRESALV;SEASONAL;ACTIVE;UNISEX
1026753;0;ARIZONA EVA KIDS SURF GREEN;SBO_00_DISRESALV;SEASONAL;ACTIVE;BOYS
1027362;0;ARIZONA EVA SURF GREEN;SBO_00_DISRESALV;SEASONAL;ACTIVE;UNISEX
1027377;0;BARBADOS EVA SURF GREEN;SBO_00_DISRESALV;SEASONAL;ACTIVE;UNISEX
1025674;0;MILANO CT W LEOI TOBACCO BROWN;SBO_00_DISRESALV;SEASONAL;ACTIVE;WOMENS
1025723;0;ARIZONA CT W LEOI TOBACCO BROWN;SBO_00_DISRESALV;SEASONAL;ACTIVE;WOMENS
1015488;0;HONOLULU EVA WHITE;SBO_00_DISRESALV;SEASONAL;ACTIVE;UNISEX
1019458;0;MILANO EVA KIDS WHITE;SBO_00_DISRESALV;SEASONAL;ACTIVE;BOYS
1027406;0;RIO EVA KIDS WHITE;SBO_00_DISRESALV;SEASONAL;ACTIVE;BOYS
128183;0;MADRID EVA WHITE;SBO_00_DISRESALV;SEASONAL;ACTIVE;UNISEX
43853;0;GIZEH BF SILVER;SBO_00_DISRESALV;SEASONAL;CLASSIC;WOMENS
1025008;0;ZÜRICH VL ANTIQUE WHITE;SBO_00_DISRESALV;SEASONAL;CLASSIC;UNISEX
1026537;0;ARIZONA LEOI BISCAY BAY;SBO_00_DISRESALV;SEASONAL;CLASSIC;WOMENS
1026591;0;MAYARI LEOI BISCAY BAY;SBO_00_DISRESALV;SEASONAL;CLASSIC;WOMENS
1011445;0;FLORIDA SFB LEOI BLACK;SBO_00_DISRESALV;SEASONAL;CLASSIC;WOMENS
1019057;0;ARIZONA BFBC EARTHY VEGAN BLACK VEG;SBO_00_DISRESALV;SEASONAL;CLASSIC;UNISEX
1019115;0;ARIZONA BFBC EARTHY VEGAN BLACK VEG;SBO_00_DISRESALV;SEASONAL;CLASSIC;UNISEX
1021112;0;FRANCA LEOI BLACK;SBO_00_DISRESALV;SEASONAL;CLASSIC;WOMENS
1021176;0;MAYARI BFBC EARTHY VEGAN BLACK VEG;SBO_00_DISRESALV;SEASONAL;CLASSIC;UNISEX
1021203;0;FRANCA LEOI BLACK;SBO_00_DISRESALV;SEASONAL;CLASSIC;WOMENS
1021487;0;KUMBA LEOI BLACK;SBO_00_DISRESALV;SEASONAL;CLASSIC;WOMENS
1021506;0;KUMBA LEOI BLACK;SBO_00_DISRESALV;SEASONAL;CLASSIC;WOMENS
1021532;0;MADRID BF METALLIC BLACK;SBO_00_DISRESALV;SEASONAL;CLASSIC;WOMENS
1025045;0;ZÜRICH VL BLACK;SBO_00_DISRESALV;SEASONAL;CLASSIC;UNISEX
1026473;0;CATALINA BF BLACK;SBO_00_DISRESALV;SEASONAL;CLASSIC;WOMENS
51193;0;ARIZONA NL BLACK;SBO_00_DISRESALV;SEASONAL;CLASSIC;UNISEX
845251;0;GIZEH LEOI BLACK;SBO_00_DISRESALV;SEASONAL;CLASSIC;UNISEX
951321;0;ARIZONA SFB LEVE BLACK;SBO_00_DISRESALV;SEASONAL;CLASSIC;UNISEX
951323;0;ARIZONA SFB LEVE BLACK;SBO_00_DISRESALV;SEASONAL;CLASSIC;UNISEX
1019658;0;MAYARI LEOI BLUE;SBO_00_DISRESALV;SEASONAL;CLASSIC;WOMENS
1026578;0;ARIZONA LEOI BURNT ORANGE;SBO_00_DISRESALV;SEASONAL;CLASSIC;WOMENS
1026588;0;FRANCA LEOI BURNT ORANGE;SBO_00_DISRESALV;SEASONAL;CLASSIC;WOMENS
1026592;0;ARIZONA LEOI BURNT ORANGE;SBO_00_DISRESALV;SEASONAL;CLASSIC;WOMENS
1027133;0;ARIZONA KIDS BF PATENT CANDY PINK;SBO_00_DISRESALV;SEASONAL;CLASSIC;GIRLS
1026937;0;GIZEH BF PATENT CANDY PINK/BLACK;SBO_00_DISRESALV;SEASONAL;CLASSIC;WOMENS
1026957;0;ARIZONA BF PATENT CANDY PINK/BLACK;SBO_00_DISRESALV;SEASONAL;CLASSIC;WOMENS
1026978;0;GIZEH BF PATENT CANDY PINK/BLACK;SBO_00_DISRESALV;SEASONAL;CLASSIC;WOMENS
1021336;0;GIZEH BRAIDED LEOI COGNAC;SBO_00_DISRESALV;SEASONAL;CLASSIC;WOMENS
1021355;0;GIZEH BRAIDED LEOI COGNAC;SBO_00_DISRESALV;SEASONAL;CLASSIC;WOMENS
1021489;0;KUMBA LEOI COGNAC;SBO_00_DISRESALV;SEASONAL;CLASSIC;WOMENS
1023925;0;GIZEH BF METALLIC COPPER;SBO_00_DISRESALV;SEASONAL;CLASSIC;WOMENS
51103;0;ARIZONA NL DARK BROWN;SBO_00_DISRESALV;SEASONAL;CLASSIC;UNISEX
1026558;0;GIZEH LENB ECRU;SBO_00_DISRESALV;SEASONAL;CLASSIC;WOMENS
1026580;0;GIZEH BIG BUCKLE LENB ECRU;SBO_00_DISRESALV;SEASONAL;CLASSIC;WOMENS
1026605;0;GIZEH BIG BUCKLE LENB ECRU;SBO_00_DISRESALV;SEASONAL;CLASSIC;WOMENS
1026677;0;ARIZONA TEX ROUGH CANVAS EGGSHELL VEG;SBO_00_DISRESALV;SEASONAL;CLASSIC;WOMENS
1026688;0;FRANCA TEX ROUGH CANVAS EGGSHELL VEG;SBO_00_DISRESALV;SEASONAL;CLASSIC;WOMENS
1026736;0;FRANCA TEX ROUGH CANVAS EGGSHELL VEG;SBO_00_DISRESALV;SEASONAL;CLASSIC;WOMENS
1027339;0;ARIZONA BF EGGSHELL;SBO_00_DISRESALV;SEASONAL;CLASSIC;WOMENS
1027058;0;ARIZONA SPLIT BF EGGSHELL/NEW BEIGE;SBO_00_DISRESALV;SEASONAL;CLASSIC;WOMENS
1026395;0;ARIZONA KIDS BFBC ELEMENTAL BLUE;SBO_00_DISRESALV;SEASONAL;CLASSIC;BOYS
1026407;0;MAYARI KIDS BFBC ELEMENTAL BLUE;SBO_00_DISRESALV;SEASONAL;CLASSIC;BOYS
1026625;0;SYDNEY SYN SOFT EL. BLUE VEG;SBO_00_DISRESALV;SEASONAL;CLASSIC;WOMENS
1026663;0;MAYARI SYN SOFT EL. BLUE VEG;SBO_00_DISRESALV;SEASONAL;CLASSIC;WOMENS
1026666;0;SYDNEY SYN SOFT EL. BLUE VEG;SBO_00_DISRESALV;SEASONAL;CLASSIC;WOMENS
1026729;0;ARIZONA VL ELEMENTAL BLUE;SBO_00_DISRESALV;SEASONAL;CLASSIC;UNISEX
1026778;0;ARIZONA TEX CANVAS ELEMENTAL BLUE VEG;SBO_00_DISRESALV;SEASONAL;CLASSIC;UNISEX
1026812;0;ZÜRICH VL ELEMENTAL BLUE;SBO_00_DISRESALV;SEASONAL;CLASSIC;UNISEX
1026820;0;ARIZONA VL ELEMENTAL BLUE;SBO_00_DISRESALV;SEASONAL;CLASSIC;UNISEX
1026827;0;ZÜRICH VL ELEMENTAL BLUE;SBO_00_DISRESALV;SEASONAL;CLASSIC;UNISEX
1026868;0;ARIZONA KIDS VL EL.BLUE;SBO_00_DISRESALV;SEASONAL;CLASSIC;BOYS
1026915;0;ARIZONA KIDS VL EL.BLUE;SBO_00_DISRESALV;SEASONAL;CLASSIC;BOYS
1019313;0;ARIZONA SFB LEOI FADED KHAKI;SBO_00_DISRESALV;SEASONAL;CLASSIC;UNISEX
1019336;0;MILANO LEOI FADED KHAKI;SBO_00_DISRESALV;SEASONAL;CLASSIC;UNISEX
1019377;0;ARIZONA SFB LEOI FADED KHAKI;SBO_00_DISRESALV;SEASONAL;CLASSIC;UNISEX
1019454;0;MILANO LEOI FADED KHAKI;SBO_00_DISRESALV;SEASONAL;CLASSIC;UNISEX
1023958;0;ARIZONA TEX  CANVAS FADED KHAKI VEG;SBO_00_DISRESALV;SEASONAL;CLASSIC;UNISEX
1026564;0;MADRID BIG BUCKLE LENB FADED LIME;SBO_00_DISRESALV;SEASONAL;CLASSIC;WOMENS
1026575;0;GIZEH BIG BUCKLE LENB FADED LIME;SBO_00_DISRESALV;SEASONAL;CLASSIC;WOMENS
1024034;0;MAYARI LEOI FESTIVAL FUCHSIA;SBO_00_DISRESALV;SEASONAL;CLASSIC;WOMENS
1024133;0;ARIZONA LEOI FESTIVAL FUCHSIA;SBO_00_DISRESALV;SEASONAL;CLASSIC;WOMENS
1026664;0;SYDNEY SYN SOFT GREY TAUPE VEG;SBO_00_DISRESALV;SEASONAL;CLASSIC;WOMENS
1026700;0;SYDNEY SYN SOFT GREY TAUPE VEG;SBO_00_DISRESALV;SEASONAL;CLASSIC;WOMENS
159713;0;BOSTON LEOI SFB HABANA;SBO_00_DISRESALV;SEASONAL;CLASSIC;UNISEX
53901;0;FLORIDA SFB LEOI HABANA;SBO_00_DISRESALV;SEASONAL;CLASSIC;WOMENS
1023116;0;ARIZONA SYN DESERT DUST  INDIGO BLUE VEG;SBO_00_DISRESALV;SEASONAL;CLASSIC;MENS
1013255;0;BOSTON LEOI SFB IRON;SBO_00_DISRESALV;SEASONAL;CLASSIC;UNISEX
1013256;0;BOSTON LEOI SFB IRON;SBO_00_DISRESALV;SEASONAL;CLASSIC;UNISEX
1013645;0;ARIZONA SFB LEOI IRON;SBO_00_DISRESALV;SEASONAL;CLASSIC;UNISEX
552801;0;ARIZONA SFB LEOI IRON;SBO_00_DISRESALV;SEASONAL;CLASSIC;UNISEX
1026524;0;SYDNEY BF GRACEFUL LICORICE;SBO_00_DISRESALV;SEASONAL;CLASSIC;WOMENS
171391;0;MAYARI BF GRACEFUL LICORICE;SBO_00_DISRESALV;SEASONAL;CLASSIC;WOMENS
1026835;0;KAY KIDS BF GRACEFUL LIGHT ROSE;SBO_00_DISRESALV;SEASONAL;CLASSIC;GIRLS
1026905;0;KUMBA K BF SHINY LIZARD EMB.L.ROSE;SBO_00_DISRESALV;SEASONAL;CLASSIC;GIRLS
1027338;0;RIO KIDS BF GRACEFUL LIGHT ROSE;SBO_00_DISRESALV;SEASONAL;CLASSIC;GIRLS
1026571;0;ARIZONA BFDD MARBLETWIRL  NEW BEIGE;SBO_00_DISRESALV;SEASONAL;CLASSIC;WOMENS
952091;0;ARIZONA SFB LENA METALLIC COPPER;SBO_00_DISRESALV;SEASONAL;CLASSIC;WOMENS
952093;0;ARIZONA SFB LENA METALLIC COPPER;SBO_00_DISRESALV;SEASONAL;CLASSIC;WOMENS
1003674;0;GIZEH SFB LENA METALLIC SILVER;SBO_00_DISRESALV;SEASONAL;CLASSIC;WOMENS
1005961;0;ARIZONA SFB LENA METALLIC SILVER;SBO_00_DISRESALV;SEASONAL;CLASSIC;WOMENS
1023842;0;ZÜRICH VL MINK;SBO_00_DISRESALV;SEASONAL;CLASSIC;UNISEX
1023891;0;ZÜRICH VL MINK;SBO_00_DISRESALV;SEASONAL;CLASSIC;UNISEX
1011408;0;KAY KIDS BFBC MOCHA;SBO_00_DISRESALV;SEASONAL;CLASSIC;BOYS
1026510;0;CATALINA BFBC MOCHA;SBO_00_DISRESALV;SEASONAL;CLASSIC;WOMENS
233073;0;ROMA KIDS BFBC MOCHA;SBO_00_DISRESALV;SEASONAL;CLASSIC;BOYS
1019600;0;MILANO HL KIDS BFBC MOCHA;SBO_00_DISRESALV;SEASONAL;CLASSIC;BOYS
1027066;0;ARIZONA VL DOTTED NEW BEIGE;SBO_00_DISRESALV;SEASONAL;CLASSIC;UNISEX
1027075;0;ARIZONA VL DOTTED NEW BEIGE;SBO_00_DISRESALV;SEASONAL;CLASSIC;UNISEX
1016170;0;SYDNEY BF GRACEFUL PEARL WHITE;SBO_00_DISRESALV;SEASONAL;CLASSIC;WOMENS
1016171;0;SYDNEY BF GRACEFUL PEARL WHITE;SBO_00_DISRESALV;SEASONAL;CLASSIC;WOMENS
1026858;0;KAY KIDS BF GRACEFUL PEARL WHITE;SBO_00_DISRESALV;SEASONAL;CLASSIC;GIRLS
1027418;0;RIO KIDS BF GRACEFUL PEARL WHITE;SBO_00_DISRESALV;SEASONAL;CLASSIC;GIRLS
71661;0;MAYARI BF GRACEFUL PEARL WHITE;SBO_00_DISRESALV;SEASONAL;CLASSIC;WOMENS
943871;0;GIZEH BF GRACEFUL PEARL WHITE;SBO_00_DISRESALV;SEASONAL;CLASSIC;WOMENS
943873;0;GIZEH BF GRACEFUL PEARL WHITE;SBO_00_DISRESALV;SEASONAL;CLASSIC;WOMENS
1025006;0;ARIZONA BFBC EARTHY VEGAN PECAN VEG;SBO_00_DISRESALV;SEASONAL;CLASSIC;UNISEX
1025007;0;MAYARI BFBC EARTHY VEGAN PECAN VEG;SBO_00_DISRESALV;SEASONAL;CLASSIC;UNISEX
1025046;0;ARIZONA BFBC EARTHY VEGAN PECAN VEG;SBO_00_DISRESALV;SEASONAL;CLASSIC;UNISEX
1026633;0;MAYARI KIDS BFBC GRAINED PECAN;SBO_00_DISRESALV;SEASONAL;CLASSIC;BOYS
1026423;0;ARIZONA KIDS BFBC PINK CLAY;SBO_00_DISRESALV;SEASONAL;CLASSIC;BOYS
1026837;0;RIO KIDS BFBC PINK CLAY;SBO_00_DISRESALV;SEASONAL;CLASSIC;GIRLS
1019013;0;ARIZONA SFB LENB SANDCASTLE;SBO_00_DISRESALV;SEASONAL;CLASSIC;WOMENS
1019016;0;ARIZONA SFB LENB SANDCASTLE;SBO_00_DISRESALV;SEASONAL;CLASSIC;WOMENS
1024269;0;KUMBA SFB LENB SANDCASTLE;SBO_00_DISRESALV;SEASONAL;CLASSIC;WOMENS
40413;0;MADRID BF SILVER;SBO_00_DISRESALV;SEASONAL;CLASSIC;WOMENS
1026583;0;ARIZONA BIG BUCKLE LENB SOFT PINK;SBO_00_DISRESALV;SEASONAL;CLASSIC;WOMENS
1026608;0;MAYARI LENB SOFT PINK;SBO_00_DISRESALV;SEASONAL;CLASSIC;WOMENS
1027095;0;GIZEH BIG BUCKLE LENB SOFT PINK;SBO_00_DISRESALV;SEASONAL;CLASSIC;WOMENS
1026413;0;ARIZONA KIDS BFBC STONE COIN VEG;SBO_00_DISRESALV;SEASONAL;CLASSIC;BOYS
1026450;0;ARIZONA BF SAFFIANO STONE COIN;SBO_00_DISRESALV;SEASONAL;CLASSIC;MENS
1027071;0;ZÜRICH VL DOTTED STONE COIN;SBO_00_DISRESALV;SEASONAL;CLASSIC;UNISEX
1026488;0;GIZEH BF GRACEFUL SURF GREEN;SBO_00_DISRESALV;SEASONAL;CLASSIC;WOMENS
1026525;0;GIZEH BF GRACEFUL SURF GREEN;SBO_00_DISRESALV;SEASONAL;CLASSIC;WOMENS
1026554;0;SYDNEY BF GRACEFUL SURF GREEN;SBO_00_DISRESALV;SEASONAL;CLASSIC;WOMENS
1026716;0;GIZEH TEX ROUGH CANVAS SURF GREEN VEG;SBO_00_DISRESALV;SEASONAL;CLASSIC;WOMENS
1026737;0;GIZEH TEX ROUGH CANVAS SURF GREEN VEG;SBO_00_DISRESALV;SEASONAL;CLASSIC;WOMENS
1026750;0;ARIZONA TEX ROUGH CANVAS SURF GREEN VEG;SBO_00_DISRESALV;SEASONAL;CLASSIC;WOMENS
1026920;0;MILANO HL KIDS TEX CANVAS SURF GREEN VEG;SBO_00_DISRESALV;SEASONAL;CLASSIC;BOYS
1026996;0;ARIZONA BF SURF GREEN;SBO_00_DISRESALV;SEASONAL;CLASSIC;WOMENS
1027132;0;ARIZONA KIDS BF PATENT SURF GREEN;SBO_00_DISRESALV;SEASONAL;CLASSIC;GIRLS
1011432;0;FLORIDA SFB LEOI TABACCO BROWN;SBO_00_DISRESALV;SEASONAL;CLASSIC;WOMENS
1015930;0;FRANCA FL TABACCO BROWN;SBO_00_DISRESALV;SEASONAL;CLASSIC;WOMENS
1015931;0;FRANCA FL TABACCO BROWN;SBO_00_DISRESALV;SEASONAL;CLASSIC;WOMENS
1018147;0;BOSTON LEOI SFB TABACCO BROWN;SBO_00_DISRESALV;SEASONAL;CLASSIC;UNISEX
1016144;0;GIZEH BF GRACEFUL TAUPE;SBO_00_DISRESALV;SEASONAL;CLASSIC;WOMENS
1016145;0;GIZEH BF GRACEFUL TAUPE;SBO_00_DISRESALV;SEASONAL;CLASSIC;WOMENS
1016168;0;SYDNEY BF GRACEFUL TAUPE;SBO_00_DISRESALV;SEASONAL;CLASSIC;WOMENS
1016169;0;SYDNEY BF GRACEFUL TAUPE;SBO_00_DISRESALV;SEASONAL;CLASSIC;WOMENS
1016408;0;MAYARI BF GRACEFUL TAUPE;SBO_00_DISRESALV;SEASONAL;CLASSIC;WOMENS
1021704;0;ARIZONA KIDS VL TAUPE;SBO_00_DISRESALV;SEASONAL;CLASSIC;BOYS
1016826;0;ARIZONA BIG BUCKLE LENA WHITE HEX;SBO_00_DISRESALV;SEASONAL;CLASSIC;WOMENS
1016934;0;ARIZONA KIDS BF WHITE;SBO_00_DISRESALV;SEASONAL;CLASSIC;BOYS
1020180;0;MAYARI KIDS BF WHITE;SBO_00_DISRESALV;SEASONAL;CLASSIC;GIRLS
1024328;0;GIZEH NL WHITE;SBO_00_DISRESALV;SEASONAL;CLASSIC;WOMENS
1024374;0;RIO KIDS BF WHITE;SBO_00_DISRESALV;SEASONAL;CLASSIC;GIRLS
1024395;0;FRANCA NL WHITE;SBO_00_DISRESALV;SEASONAL;CLASSIC;WOMENS
1024422;0;FRANCA NL WHITE;SBO_00_DISRESALV;SEASONAL;CLASSIC;WOMENS
1024988;0;MILANO NL TRIPLES WHITE;SBO_00_DISRESALV;SEASONAL;CLASSIC;UNISEX
1025031;0;MILANO NL TRIPLES WHITE;SBO_00_DISRESALV;SEASONAL;CLASSIC;UNISEX
1026909;0;KUMBA K BF SHINY LIZARD EMB.WHITE;SBO_00_DISRESALV;SEASONAL;CLASSIC;GIRLS
1027150;0;ARIZONA KIDS BF PATENT WHITE;SBO_00_DISRESALV;SEASONAL;CLASSIC;GIRLS
40733;0;MADRID BF WHITE;SBO_00_DISRESALV;SEASONAL;CLASSIC;UNISEX
1027044;0;ARIZONA SPL BF WHITE/SURF GREEN;SBO_00_DISRESALV;SEASONAL;CLASSIC;WOMENS
1006523;0;MADRID BIG BUCKLE LEOI BLACK HEX;SBO_00_DISRESALV;CORE ESSENTIAL;CLASSIC;WOMENS
1011074;0;ARIZONA BIG BUCKLE LEOI BLACK HEX;SBO_00_DISRESALV;CORE ESSENTIAL;CLASSIC;WOMENS
1023334;0;GIZEH BIG BUCKLE LEOI BLACK HEX;SBO_00_DISRESALV;CORE ESSENTIAL;CLASSIC;WOMENS
1023337;0;GIZEH BIG BUCKLE LEOI BLACK HEX;SBO_00_DISRESALV;CORE ESSENTIAL;CLASSIC;WOMENS
171481;0;MAYARI LEOI BLACK;SBO_00_DISRESALV;CORE ESSENTIAL;CLASSIC;UNISEX
34791;0;MILANO BF BLACK;SBO_00_DISRESALV;CORE ESSENTIAL;CLASSIC;UNISEX
34793;0;MILANO BF BLACK;SBO_00_DISRESALV;CORE ESSENTIAL;CLASSIC;UNISEX
40793;0;MADRID BF BLACK;SBO_00_DISRESALV;CORE ESSENTIAL;CLASSIC;UNISEX
43661;0;GIZEH BF PATENT BLACK;SBO_00_DISRESALV;CORE ESSENTIAL;CLASSIC;WOMENS
53013;0;FLORIDA SFB BF BLACK;SBO_00_DISRESALV;CORE ESSENTIAL;CLASSIC;WOMENS
551253;0;ARIZONA SFB BF BLACK;SBO_00_DISRESALV;CORE ESSENTIAL;CLASSIC;UNISEX
552113;0;ARIZONA LEOI BLACK;SBO_00_DISRESALV;CORE ESSENTIAL;CLASSIC;UNISEX
59463;0;BOSTON LEOI BLACK;SBO_00_DISRESALV;CORE ESSENTIAL;CLASSIC;UNISEX
71791;0;MAYARI BF BLACK;SBO_00_DISRESALV;CORE ESSENTIAL;CLASSIC;UNISEX
71793;0;MAYARI BF BLACK;SBO_00_DISRESALV;CORE ESSENTIAL;CLASSIC;UNISEX
752483;0;ARIZONA SFB LEOI BLACK;SBO_00_DISRESALV;CORE ESSENTIAL;CLASSIC;UNISEX
752661;0;ARIZONA VL SHEARLING BLACK;SBO_00_DISRESALV;CORE ESSENTIAL;CLASSIC;UNISEX
752663;0;ARIZONA VL SHEARLING BLACK;SBO_00_DISRESALV;CORE ESSENTIAL;CLASSIC;UNISEX
846143;0;GIZEH KIDS BF BLACK;SBO_00_DISRESALV;CORE ESSENTIAL;CLASSIC;GIRLS
51063;0;ARIZONA SFB BF BLUE;SBO_00_DISRESALV;CORE ESSENTIAL;CLASSIC;UNISEX
554711;0;FLORIDA BF SFB BLUE;SBO_00_DISRESALV;CORE ESSENTIAL;CLASSIC;WOMENS
160583;0;BOSTON WO CACAO;SBO_00_DISRESALV;CORE ESSENTIAL;CLASSIC;UNISEX
1006525;0;MADRID BIG BUCKLE LEOI COGNAC HEX;SBO_00_DISRESALV;CORE ESSENTIAL;CLASSIC;WOMENS
1011072;0;ARIZONA BIG BUCKLE LEOI COGNAC HEX;SBO_00_DISRESALV;CORE ESSENTIAL;CLASSIC;WOMENS
1018785;0;GIZEH BIG BUCKLE LEOI COGNAC HEX;SBO_00_DISRESALV;CORE ESSENTIAL;CLASSIC;WOMENS
1012520;0;RIO KIDS BF ELECTRIC METALLIC COPPER;SBO_00_DISRESALV;CORE ESSENTIAL;CLASSIC;GIRLS
171321;0;MAYARI LEOI HABANA;SBO_00_DISRESALV;CORE ESSENTIAL;CLASSIC;UNISEX
743831;0;GIZEH LEOI HABANA;SBO_00_DISRESALV;CORE ESSENTIAL;CLASSIC;UNISEX
1001128;0;ARIZONA VL SHEARLING MINK;SBO_00_DISRESALV;CORE ESSENTIAL;CLASSIC;UNISEX
1001135;0;ARIZONA VL SHEARLING MINK;SBO_00_DISRESALV;CORE ESSENTIAL;CLASSIC;UNISEX
1009526;0;ARIZONA SFB LEVE MINK;SBO_00_DISRESALV;CORE ESSENTIAL;CLASSIC;UNISEX
40093;0;MADRID BFBC MOCHA;SBO_00_DISRESALV;CORE ESSENTIAL;CLASSIC;UNISEX
634501;0;MILANO BFBC MOCHA;SBO_00_DISRESALV;CORE ESSENTIAL;CLASSIC;UNISEX
634503;0;MILANO BFBC MOCHA;SBO_00_DISRESALV;CORE ESSENTIAL;CLASSIC;UNISEX
660461;0;BOSTON VL SFB MOCHA;SBO_00_DISRESALV;CORE ESSENTIAL;CLASSIC;UNISEX
71061;0;MAYARI BFBC MOCHA;SBO_00_DISRESALV;CORE ESSENTIAL;CLASSIC;UNISEX
71063;0;MAYARI BFBC MOCHA;SBO_00_DISRESALV;CORE ESSENTIAL;CLASSIC;UNISEX
951311;0;ARIZONA SFB LEVE MOCCA;SBO_00_DISRESALV;CORE ESSENTIAL;CLASSIC;UNISEX
1014177;0;MAYARI KIDS BFBC MOCHA;SBO_00_DISRESALV;CORE ESSENTIAL;CLASSIC;BOYS
552893;0;ARIZONA KIDS BFBC MOCHA;SBO_00_DISRESALV;CORE ESSENTIAL;CLASSIC;BOYS
552903;0;ARIZONA KIDS BFBC NAVY;SBO_00_DISRESALV;CORE ESSENTIAL;CLASSIC;BOYS
71071;0;MAYARI BFBC STONE;SBO_00_DISRESALV;CORE ESSENTIAL;CLASSIC;UNISEX
1017402;0;ARIZONA VL SHEARLING STONE COIN;SBO_00_DISRESALV;CORE ESSENTIAL;CLASSIC;UNISEX
1017403;0;ARIZONA VL SHEARLING STONE COIN;SBO_00_DISRESALV;CORE ESSENTIAL;CLASSIC;UNISEX
1011433;0;MAYARI LEOI TABACCO BROWN;SBO_00_DISRESALV;CORE ESSENTIAL;CLASSIC;WOMENS
552811;0;ARIZONA SFB LEOI TABACCO BROWN;SBO_00_DISRESALV;CORE ESSENTIAL;CLASSIC;UNISEX
552813;0;ARIZONA SFB LEOI TABACCO BROWN;SBO_00_DISRESALV;CORE ESSENTIAL;CLASSIC;UNISEX
943811;0;GIZEH LEOI TABACCO BROWN;SBO_00_DISRESALV;CORE ESSENTIAL;CLASSIC;UNISEX
960813;0;BOSTON LEOI TABACCO BROWN;SBO_00_DISRESALV;CORE ESSENTIAL;CLASSIC;UNISEX
951301;0;ARIZONA SFB LEVE TAUPE;SBO_00_DISRESALV;CORE ESSENTIAL;CLASSIC;UNISEX
1005299;0;GIZEH BF PATENT WHITE;SBO_00_DISRESALV;CORE ESSENTIAL;CLASSIC;WOMENS
1015084;0;ZERMATT SHEARLING FE ANTHRACITE;SBO_00_DISRESALV;CORE ESSENTIAL;HOMESHOES;UNISEX
1015090;0;ZERMATT SHEARLING FE ANTHRACITE;SBO_00_DISRESALV;CORE ESSENTIAL;HOMESHOES;UNISEX
1015086;0;ZERMATT SHEARLING FE LIGHT GRAY;SBO_00_DISRESALV;CORE ESSENTIAL;HOMESHOES;UNISEX
1015092;0;ZERMATT SHEARLING FE LIGHT GRAY;SBO_00_DISRESALV;CORE ESSENTIAL;HOMESHOES;UNISEX
1026972;0;SOLEY RING-B. EMB. LENB BISCAY BAY;SBO_00_DISRESALV;SEASONAL;SEASONAL;WOMENS
1018522;0;SOLEY RING-BUCKLE LE BLACK;SBO_00_DISRESALV;SEASONAL;SEASONAL;WOMENS
1018523;0;MARY RING-BUCKLE LE BLACK;SBO_00_DISRESALV;SEASONAL;SEASONAL;WOMENS
1026951;0;SOLEY RING-BUCKLE LENB METALLIC BLACK;SBO_00_DISRESALV;SEASONAL;SEASONAL;WOMENS
1027367;0;GIZEH PLATFORM FLEX BF BLACK VEG;SBO_00_DISRESALV;SEASONAL;SEASONAL;WOMENS
1026886;0;SOLEY RING-B. EMB. LENB BURNT ORANGE;SBO_00_DISRESALV;SEASONAL;SEASONAL;WOMENS
1023525;0;MARY RING-BUCKLE LE COGNAC;SBO_00_DISRESALV;SEASONAL;SEASONAL;WOMENS
1023539;0;SOLEY RING-BUCKLE LE COGNAC;SBO_00_DISRESALV;SEASONAL;SEASONAL;WOMENS
1026908;0;GLENDA LENB ELEMENTAL BLUE;SBO_00_DISRESALV;SEASONAL;SEASONAL;WOMENS
1026931;0;ALMINA LENB ELEMENTAL BLUE;SBO_00_DISRESALV;SEASONAL;SEASONAL;WOMENS
1020042;0;GLENDA LENB PECAN;SBO_00_DISRESALV;SEASONAL;SEASONAL;WOMENS
1026892;0;ALMINA LENB PECAN;SBO_00_DISRESALV;SEASONAL;SEASONAL;WOMENS
1024950;0;ARIZONA CHUNKY LEVE WARM SAND;SBO_00_DISRESALV;SEASONAL;SEASONAL;WOMENS
1026176;0;BOSTON CHUNKY LEVE WARM SAND;SBO_00_DISRESALV;SEASONAL;SEASONAL;WOMENS
1027396;0;GIZEH PLATFORM FLEX BF WHITE VEG;SBO_00_DISRESALV;SEASONAL;SEASONAL;WOMENS
1026003;0;BIRKI AIR 2.0 PU ACTIVE RED;SBO_00_DISRESALV;SEASONAL;PROFESSIONAL;UNISEX
1025978;0;BIRKI AIR 2.0 PU BLACK;SBO_00_DISRESALV;SEASONAL;PROFESSIONAL;UNISEX
1025979;0;BOSTON PRO LE BLACK;SBO_00_DISRESALV;SEASONAL;PROFESSIONAL;UNISEX
1025986;0;TOKIO PRO LE BLACK;SBO_00_DISRESALV;SEASONAL;PROFESSIONAL;UNISEX
1026222;0;BOSTON PRO LE BLACK;SBO_00_DISRESALV;SEASONAL;PROFESSIONAL;UNISEX
1026231;0;TOKIO PRO LE BLACK;SBO_00_DISRESALV;SEASONAL;PROFESSIONAL;UNISEX
1027414;0;HEIDELBERG PRO NL BLACK;SBO_00_DISRESALV;SEASONAL;PROFESSIONAL;WOMENS
1026055;0;TOKIO PRO LE GREY;SBO_00_DISRESALV;SEASONAL;PROFESSIONAL;UNISEX
1026185;0;TOKIO PRO LE GREY;SBO_00_DISRESALV;SEASONAL;PROFESSIONAL;UNISEX
1026230;0;BOSTON PRO LE MARS RED;SBO_00_DISRESALV;SEASONAL;PROFESSIONAL;UNISEX
1026241;0;BOSTON PRO LE MARS RED;SBO_00_DISRESALV;SEASONAL;PROFESSIONAL;UNISEX
1026010;0;BIRKI AIR 2.0 PU MATCHA;SBO_00_DISRESALV;SEASONAL;PROFESSIONAL;UNISEX
1026054;0;TOKIO PRO LE MATCHA;SBO_00_DISRESALV;SEASONAL;PROFESSIONAL;UNISEX
1026221;0;TOKIO PRO LE MATCHA;SBO_00_DISRESALV;SEASONAL;PROFESSIONAL;UNISEX
1027366;0;HEIDELBERG PRO NL NAVY;SBO_00_DISRESALV;SEASONAL;PROFESSIONAL;WOMENS
1026081;0;BOSTON PRO LE THYME;SBO_00_DISRESALV;SEASONAL;PROFESSIONAL;UNISEX
1026188;0;BOSTON PRO LE THYME;SBO_00_DISRESALV;SEASONAL;PROFESSIONAL;UNISEX
1025989;0;BIRKI AIR 2.0 PU ULTRA BLUE;SBO_00_DISRESALV;SEASONAL;PROFESSIONAL;UNISEX
1025956;0;TOKIO PRO LE WHITE;SBO_00_DISRESALV;SEASONAL;PROFESSIONAL;UNISEX
1025992;0;BOSTON PRO LE WHITE;SBO_00_DISRESALV;SEASONAL;PROFESSIONAL;UNISEX
1026186;0;TOKIO PRO LE WHITE;SBO_00_DISRESALV;SEASONAL;PROFESSIONAL;UNISEX
1026214;0;BOSTON PRO LE WHITE;SBO_00_DISRESALV;SEASONAL;PROFESSIONAL;UNISEX
1027415;0;HEIDELBERG PRO NL WHITE;SBO_00_DISRESALV;SEASONAL;PROFESSIONAL;WOMENS
10272;0;A 630 PU BLACK;SBO_00_DISRESALV;CORE ESSENTIAL;PROFESSIONAL;UNISEX
20272;0;A 640 PU BLACK M. STAHLKAPPE;SBO_00_DISRESALV;CORE ESSENTIAL;PROFESSIONAL;UNISEX
10292;0;A 630 PU WHITE;SBO_00_DISRESALV;CORE ESSENTIAL;PROFESSIONAL;UNISEX
20292;0;A 640 PU WHITE M. STAHLKAPPE;SBO_00_DISRESALV;CORE ESSENTIAL;PROFESSIONAL;UNISEX
1017721;0;BEND LOW SMOOTH LEATHER LENA BLACK;SBO_00_DISRESALV;SEASONAL;SHOES;UNISEX
1017722;0;BEND LOW SMOOTH LEATHER LENA BLACK;SBO_00_DISRESALV;SEASONAL;SHOES;UNISEX
1021322;0;OSWEGO SMOOTH LEATHER LENA BLACK;SBO_00_DISRESALV;SEASONAL;SHOES;UNISEX
1021326;0;OSWEGO SMOOTH LEATHER LENA BLACK;SBO_00_DISRESALV;SEASONAL;SHOES;UNISEX
166541;0;LONDON OILED LEATHER LEOI BLACK;SBO_00_DISRESALV;SEASONAL;SHOES;UNISEX
166543;0;LONDON OILED LEATHER LEOI BLACK;SBO_00_DISRESALV;SEASONAL;SHOES;UNISEX
1027254;0;BEND LOW SMOOTH LEATHER LENA BUTTER;SBO_00_DISRESALV;SEASONAL;SHOES;UNISEX
1027300;0;BEND LOW SMOOTH LEATHER LENA BUTTER;SBO_00_DISRESALV;SEASONAL;SHOES;UNISEX
1027280;0;BEND LOW SUEDE LEVE ELEMENTAL BLUE;SBO_00_DISRESALV;SEASONAL;SHOES;UNISEX
1027295;0;BEND LOW SUEDE LEVE ELEMENTAL BLUE;SBO_00_DISRESALV;SEASONAL;SHOES;UNISEX
1021324;0;OSWEGO SMOOTH LEATHER LENA GRAY;SBO_00_DISRESALV;SEASONAL;SHOES;UNISEX
166531;0;LONDON OILED LEATHER LEOI HABANA;SBO_00_DISRESALV;SEASONAL;SHOES;UNISEX
166533;0;LONDON OILED LEATHER LEOI HABANA;SBO_00_DISRESALV;SEASONAL;SHOES;UNISEX
1027298;0;BEND LOW SUEDE LEVE PINK CLAY;SBO_00_DISRESALV;SEASONAL;SHOES;UNISEX
1027310;0;BEND LOW SUEDE LEVE PINK CLAY;SBO_00_DISRESALV;SEASONAL;SHOES;UNISEX
1017723;0;BEND LOW SMOOTH LEATHER LENA WHITE;SBO_00_DISRESALV;SEASONAL;SHOES;UNISEX
1024599;0;SHINJUKU LEA/TEX BLACK;SBO_00_DISRESALV;ACTIVE;0;UNISEX
1026824;0;ARIZONA EXQ LENA BLACK;SBO_00_DISRESALV;CLASSIC;0;UNISEX
1026843;0;ARIZONA EXQ LENA BLACK;SBO_00_DISRESALV;CLASSIC;0;UNISEX
1029213;0;ARIZONA EXQ LENA EGGSHELL;SBO_00_DISRESALV;CLASSIC;0;UNISEX
1026787;0;ARIZONA EXQ LENA MINERAL GRAY;SBO_00_DISRESALV;CLASSIC;0;UNISEX
1018402;0;ARIZONA EXQ VL ALLOVER SUEDE CHARCOAL;SBO_00_DISRESALV;CLASSIC;0;UNISEX
1018443;0;ARIZONA EXQ VL ALLOVER SUEDE TAUPE;SBO_00_DISRESALV;CLASSIC;0;UNISEX
1029961;0;ARIZONA EXQ VL ALLOVER SUEDE TAUPE;SBO_00_DISRESALV;CLASSIC;0;UNISEX
1026570;0;UJI W LENA HS/LENB BLACK;SBO_00_DISRESALV;CLASSIC;0;WOMENS
1029302;0;UJI W LENA HS/LENB STONE COIN;SBO_00_DISRESALV;CLASSIC;0;WOMENS
1029960;0;ZÜRICH EXQ VL ALLOVER TAUPE;SBO_00_DISRESALV;CLASSIC;0;UNISEX
1028237;0;BOSTON NOVA TEX BLACK BG;SBO_00_DISRESALV;CLASSIC;0;UNISEX
1024565;0;ARIZONA CHUNKY EXQ LENA BLACK;SBO_00_DISRESALV;N/A;0;WOMENS
1029067;0;ARIZONA CHUNKY EXQ LENA EGGSHELL;SBO_00_DISRESALV;N/A;0;WOMENS
1029353;0;ARIZONA DB LENA HS BLACK HEX CUPSOLE;SBO_00_DISRESALV;CLASSIC;0;WOMENS
1029386;0;ARIZONA DB LENA HS NEW BEIGE HEX CUPSOLE;SBO_00_DISRESALV;CLASSIC;0;WOMENS
1029367;0;ARIZONA DB LENA HS PURE SAGE HEX CUPSOLE;SBO_00_DISRESALV;CLASSIC;0;WOMENS
1026918;0;ARIZONA FLEX PLATFORM EXQ LENA BLACK;SBO_00_DISRESALV;N/A;0;WOMENS
1029101;0;ARIZONA FLEX PLATFORM EXQ LENA FAD PURP;SBO_00_DISRESALV;N/A;0;WOMENS
1029074;0;MILANO CHUNKY EXQ LENA EGGSHELL;SBO_00_DISRESALV;N/A;0;WOMENS
1029091;0;SOLEY RING-BUCKLE PU LENA BLACK;SBO_00_DISRESALV;N/A;0;WOMENS
1026877;0;THEDA LENA BLACK;SBO_00_DISRESALV;N/A;0;WOMENS
1027471;0;REYKJAVIK LENB BLACK;SBO_00_DISRESALV;SHOES;0;UNISEX
1029600;0;REYKJAVIK LENB PURE SAGE;SBO_00_DISRESALV;SHOES;0;UNISEX
1029581;0;SHINJUKU LEA/TEX PURE SAGE;SBO_00_DISRESALV;ACTIVE;0;UNISEX
1026789;0;BOSTON EXQ LENA BLACK;SBO_00_DISRESALV;CLASSIC;0;UNISEX
1026813;0;BOSTON EXQ LENA BLACK;SBO_00_DISRESALV;CLASSIC;0;UNISEX
1026144;0;BOSTON CHUNKY EXQ LENA BLACK;SBO_00_DISRESALV;N/A;0;WOMENS
1029825;0;ARIZONA EXQ LE BLACK;SBO_00_DISRESALV;N/A;0;0
1029798;0;ARIZONA EXQ LE COGNAC;SBO_00_DISRESALV;N/A;0;0
1028200;0;ARIZONA EVA CROCUS;SBO_00_DISRESALV;ACTIVE;SEASONAL;UNISEX
1028107;0;ARIZONA EVA RUST BROWN;SBO_00_DISRESALV;ACTIVE;SEASONAL;UNISEX
1028119;0;ARIZONA EVA RUST BROWN;SBO_00_DISRESALV;ACTIVE;SEASONAL;UNISEX
1027592;0;ARIZONA EVA STONE COIN;SBO_00_DISRESALV;ACTIVE;SEASONAL;UNISEX
1027620;0;ARIZONA EVA STONE COIN;SBO_00_DISRESALV;ACTIVE;SEASONAL;UNISEX
1028566;0;BARBADOS EVA KHAKI;SBO_00_DISRESALV;ACTIVE;SEASONAL;UNISEX
1027684;0;BIRKI FLOW EVA BLACK;SBO_00_DISRESALV;ACTIVE;SEASONAL;UNISEX
1027706;0;BIRKI FLOW EVA EGGSHELL;SBO_00_DISRESALV;ACTIVE;SEASONAL;UNISEX
1028741;0;BIRKI FLOW EVA KHAKI;SBO_00_DISRESALV;ACTIVE;SEASONAL;UNISEX
1027714;0;BIRKI FLOW EVA STONE COIN;SBO_00_DISRESALV;ACTIVE;SEASONAL;UNISEX
1028157;0;BOSTON EVA CROCUS;SBO_00_DISRESALV;ACTIVE;SEASONAL;UNISEX
1027363;0;BOSTON EVA ROAST;SBO_00_DISRESALV;ACTIVE;SEASONAL;UNISEX
1027386;0;BOSTON EVA ROAST;SBO_00_DISRESALV;ACTIVE;SEASONAL;UNISEX
1027621;0;BOSTON EVA STONE COIN;SBO_00_DISRESALV;ACTIVE;SEASONAL;UNISEX
1027630;0;BOSTON EVA STONE COIN;SBO_00_DISRESALV;ACTIVE;SEASONAL;UNISEX
1027385;0;BOSTON EVA SURF GREEN;SBO_00_DISRESALV;ACTIVE;SEASONAL;UNISEX
1025677;0;MILANO CT W LEOI BLACK;SBO_00_DISRESALV;ACTIVE;SEASONAL;WOMENS
1027137;0;MOGAMI TERRA BF APEX BURNT ORANGE;SBO_00_DISRESALV;ACTIVE;SEASONAL;UNISEX
1028085;0;MOGAMI TERRA BF APEX CONCRETE GRAY;SBO_00_DISRESALV;ACTIVE;SEASONAL;UNISEX
1027140;0;MOGAMI TERRA BF APEX ELEMENTAL BLUE;SBO_00_DISRESALV;ACTIVE;SEASONAL;UNISEX
1027089;0;MOGAMI TERRA BF APEX EUCALYPTUS;SBO_00_DISRESALV;ACTIVE;SEASONAL;UNISEX
1024516;0;ARIZONA SFB LEVE ANTIQUE WHITE;SBO_00_DISRESALV;CLASSIC;SEASONAL;UNISEX
1024554;0;ARIZONA SFB LEVE ANTIQUE WHITE;SBO_00_DISRESALV;CLASSIC;SEASONAL;UNISEX
1025028;0;ZÜRICH LEVE ANTIQUE WHITE;SBO_00_DISRESALV;CLASSIC;SEASONAL;UNISEX
1027989;0;ARIZONA BIG BUCKLE LENB BERRY CRUSH;SBO_00_DISRESALV;CLASSIC;SEASONAL;WOMENS
1028058;0;BOSTON BIG BUCKLE LENB BERRY CRUSH;SBO_00_DISRESALV;CLASSIC;SEASONAL;WOMENS
1026295;0;FRANCA BRAIDED LEOI  BLACK;SBO_00_DISRESALV;CLASSIC;SEASONAL;WOMENS
1026334;0;FRANCA BRAIDED  LEOI BLACK;SBO_00_DISRESALV;CLASSIC;SEASONAL;WOMENS
1024052;0;FRANCA BRAIDED LEOI COGNAC;SBO_00_DISRESALV;CLASSIC;SEASONAL;WOMENS
1028272;0;ARIZONA LEOI COGNAC;SBO_00_DISRESALV;CLASSIC;SEASONAL;UNISEX
1028656;0;GIZEH LENB CROCUS;SBO_00_DISRESALV;CLASSIC;SEASONAL;WOMENS
1028280;0;ARIZONA LEVE CORDUROY DARK TEA;SBO_00_DISRESALV;CLASSIC;SEASONAL;UNISEX
1027934;0;BOSTON SFB LEVE GREEN TEA;SBO_00_DISRESALV;CLASSIC;SEASONAL;WOMENS
1027962;0;ARIZONA SFB LEVE GREEN TEA;SBO_00_DISRESALV;CLASSIC;SEASONAL;WOMENS
1026174;0;ARIZONA LEVE LATTE CREAM;SBO_00_DISRESALV;CLASSIC;SEASONAL;UNISEX
1026190;0;ARIZONA LEVE LATTE CREAM;SBO_00_DISRESALV;CLASSIC;SEASONAL;UNISEX
1028095;0;ARIZONA LENB DESERT BUCK MIDNIGHT;SBO_00_DISRESALV;CLASSIC;SEASONAL;MENS
1028257;0;ARIZONA LEVE CORDUROY MIDNIGHT;SBO_00_DISRESALV;CLASSIC;SEASONAL;UNISEX
1022457;0;ARIZONA LENB DESERT BUCK ROAST;SBO_00_DISRESALV;CLASSIC;SEASONAL;MENS
1025367;0;ARIZONA BIG BUCKLE LENB THYME;SBO_00_DISRESALV;CLASSIC;SEASONAL;WOMENS
1027999;0;FRANCA LEOI THYME;SBO_00_DISRESALV;CLASSIC;SEASONAL;WOMENS
1028033;0;BOSTON BIG BUCKLE LENB THYME;SBO_00_DISRESALV;CLASSIC;SEASONAL;WOMENS
1024952;0;ARIZONA SFB NL WHITE;SBO_00_DISRESALV;CLASSIC;SEASONAL;UNISEX
1027990;0;BUCKLEY LEVE ZINFANDEL;SBO_00_DISRESALV;CLASSIC;SEASONAL;WOMENS
1028019;0;FRANCA LEOI ZINFANDEL;SBO_00_DISRESALV;CLASSIC;SEASONAL;WOMENS
1028331;0;ARIZONA LEVE ZINFANDEL;SBO_00_DISRESALV;CLASSIC;SEASONAL;UNISEX
1028353;0;ARIZONA LEVE ZINFANDEL;SBO_00_DISRESALV;CLASSIC;SEASONAL;UNISEX
1028719;0;ARIZONA SFB LENB ZINFANDEL;SBO_00_DISRESALV;CLASSIC;SEASONAL;WOMENS
1028764;0;MAYARI SFB LENB ZINFANDEL;SBO_00_DISRESALV;CLASSIC;SEASONAL;WOMENS
1028638;0;ARIZONA BF GRACEFUL BERRY CRUSH;SBO_00_DISRESALV;CLASSIC;SEASONAL;WOMENS
1027797;0;CATALINA BF SHINY LIZARD ACAI;SBO_00_DISRESALV;CLASSIC;SEASONAL;WOMENS
1009921;0;ARIZONA BF GRACEFUL PEARL WHITE;SBO_00_DISRESALV;CLASSIC;SEASONAL;WOMENS
1027881;0;ARIZONA BF PATENT ACAI;SBO_00_DISRESALV;CLASSIC;SEASONAL;WOMENS
1028063;0;CATALINA BF GRACEFUL BERRY CRUSH;SBO_00_DISRESALV;CLASSIC;SEASONAL;WOMENS
1028195;0;ARIZONA BF SAFFIANO CONCRETE GRAY;SBO_00_DISRESALV;CLASSIC;SEASONAL;MENS
1025602;0;ARIZONA SYN DES DUST SHEARLING BLACK;SBO_00_DISRESALV;CLASSIC;SEASONAL;UNISEX
1027783;0;CATALINA BF SHINY LIZARD BLACK;SBO_00_DISRESALV;CLASSIC;SEASONAL;WOMENS
1027835;0;ARIZONA BF SHINY LIZARD BLACK;SBO_00_DISRESALV;CLASSIC;SEASONAL;WOMENS
1027907;0;MAYARI SYN SOFT BERRY CRUSH VEG;SBO_00_DISRESALV;CLASSIC;SEASONAL;WOMENS
1028243;0;ARIZONA SYN DES DUST SHEA ELEMENTAL BLUE;SBO_00_DISRESALV;CLASSIC;SEASONAL;UNISEX
1028246;0;ARIZONA SYN DES DUST SHEA ELEMENTAL BLUE;SBO_00_DISRESALV;CLASSIC;SEASONAL;UNISEX
1028701;0;ARIZONA SYN SOFT BERRY CRUSH VEG;SBO_00_DISRESALV;CLASSIC;SEASONAL;WOMENS
1027697;0;ARIZONA BF FADED KHAKI;SBO_00_DISRESALV;CLASSIC;SEASONAL;UNISEX
1027704;0;ARIZONA BF FADED KHAKI;SBO_00_DISRESALV;CLASSIC;SEASONAL;UNISEX
1025548;0;ARIZONA SYN DES DUST SHEARLING GRAYTAUPE;SBO_00_DISRESALV;CLASSIC;SEASONAL;UNISEX
1025573;0;ARIZONA SYN DES DUST SHEARLING GRAYTAUPE;SBO_00_DISRESALV;CLASSIC;SEASONAL;UNISEX
1028260;0;ARIZONA SPLIT BFBC STONE COIN/FADEDKHAKI;SBO_00_DISRESALV;CLASSIC;SEASONAL;UNISEX
1028283;0;ARIZONA SPLIT BFBC STONE COIN/FADEDKHAKI;SBO_00_DISRESALV;CLASSIC;SEASONAL;UNISEX
1027832;0;FRANCA BF SHINY LIZARD ACAI;SBO_00_DISRESALV;CLASSIC;SEASONAL;WOMENS
1027723;0;ARIZONA BF NEW BEIGE;SBO_00_DISRESALV;CLASSIC;SEASONAL;UNISEX
1026427;0;ARIZONA SYN DESERT DUST ELEMEN.BLUE VEG;SBO_00_DISRESALV;CLASSIC;SEASONAL;MENS
1028440;0;ARIZONA PLATFORM FLEX BFBC CROCUS VEG;SBO_00_DISRESALV;N/A;SEASONAL;WOMENS
1027981;0;MAYARI SYN SOFT PINE GREEN VEG;SBO_00_DISRESALV;CLASSIC;SEASONAL;WOMENS
1027940;0;KUMBA KIDS BF GRACEFUL BERRY CRUSH;SBO_00_DISRESALV;CLASSIC;SEASONAL;GIRLS
1027916;0;TOKIO AS KIDS BFBC MOCCA;SBO_00_DISRESALV;CLASSIC;SEASONAL;BOYS
1027892;0;MILANO KIDS BFBC NAVY;SBO_00_DISRESALV;CLASSIC;SEASONAL;BOYS
1027917;0;TOKIO AS KIDS BFBC NAVY;SBO_00_DISRESALV;CLASSIC;SEASONAL;BOYS
1028579;0;KAY KIDS BFBC PINK CLAY;SBO_00_DISRESALV;CLASSIC;SEASONAL;GIRLS
1027904;0;KAY KIDS BF GRACEFUL TAUPE;SBO_00_DISRESALV;CLASSIC;SEASONAL;GIRLS
1027921;0;RIO KIDS BF GRACEFUL TAUPE;SBO_00_DISRESALV;CLASSIC;SEASONAL;GIRLS
1028049;0;ZERMATT SHEAR FE HERRINGBONE DARK GREY;SBO_00_DISRESALV;HOMESHOES;SEASONAL;UNISEX
1020029;0;ZERMATT SHEARLING FE EGGNOG;SBO_00_DISRESALV;HOMESHOES;SEASONAL;UNISEX
1026246;0;COTTON CREW STRIPE BLACK;SBO_00_DISRESALV;ACCESSOIRES;SEASONAL;UNISEX
1026209;0;COTTON CREW STRIPE EGGSHELL;SBO_00_DISRESALV;ACCESSOIRES;SEASONAL;UNISEX
1026271;0;COTTON CREW STRIPE WHITE;SBO_00_DISRESALV;ACCESSOIRES;SEASONAL;UNISEX
1002443;0;COTTON TWIST W BLACK;SBO_00_DISRESALV;ACCESSOIRES;SEASONAL;WOMENS
1002545;0;COTTON TWIST M BLACK;SBO_00_DISRESALV;ACCESSOIRES;SEASONAL;MENS
1002548;0;COTTON TWIST M LIGHT GRAY;SBO_00_DISRESALV;ACCESSOIRES;SEASONAL;MENS
1002446;0;COTTON TWIST W LIGHT GRAY;SBO_00_DISRESALV;ACCESSOIRES;SEASONAL;WOMENS
1002445;0;COTTON TWIST W BLUE;SBO_00_DISRESALV;ACCESSOIRES;SEASONAL;WOMENS
1002547;0;COTTON TWIST M BLUE;SBO_00_DISRESALV;ACCESSOIRES;SEASONAL;MENS
1023657;0;COTTON TWIST W OFFWHITE;SBO_00_DISRESALV;ACCESSOIRES;SEASONAL;WOMENS
1023658;0;COTTON TWIST M OFFWHITE;SBO_00_DISRESALV;ACCESSOIRES;SEASONAL;MENS
1001259;0;FUSSBETTSOHLE BIRKO TEX BLAU;SBO_00_DISRESALV;ORTHOPEDICS;CORE ESSENTIAL;UNISEX
1001243;0;FUSSBETTSOHLE ZEHENFREI LEDER SCHMAL;SBO_00_DISRESALV;ORTHOPEDICS;CORE ESSENTIAL;UNISEX
1001284;0;BIRKO ACTIVE;SBO_00_DISRESALV;ORTHOPEDICS;CORE ESSENTIAL;UNISEX
1201127;0;ERSATZFUSSBETT FUER SUPER-BIRKI 503;SBO_00_DISRESALV;ORTHOPEDICS;CORE ESSENTIAL;UNISEX
1001113;0;BIRKO SPORT;SBO_00_DISRESALV;ORTHOPEDICS;CORE ESSENTIAL;UNISEX
1001297;0;BIRKO CONTACT SPORT;SBO_00_DISRESALV;ORTHOPEDICS;CORE ESSENTIAL;UNISEX
1001262;0;STAR-PELOTTE DOPPELGRÖßE;SBO_00_DISRESALV;ORTHOPEDICS;CORE ESSENTIAL;UNISEX
1001270;0;FUSSBETTSOHLE BIRKO TEX ZEHENFREI SCHMAL;SBO_00_DISRESALV;ORTHOPEDICS;CORE ESSENTIAL;UNISEX
1001156;0;BLAUES FUSSBETT TRADITION NORMAL;SBO_00_DISRESALV;ORTHOPEDICS;CORE ESSENTIAL;UNISEX
1001157;0;BLAUES FUSSBETT TRADITION MITTEL;SBO_00_DISRESALV;ORTHOPEDICS;CORE ESSENTIAL;UNISEX
1001158;0;BLAUES FUSSBETT TRADITION SCHMAL;SBO_00_DISRESALV;ORTHOPEDICS;CORE ESSENTIAL;UNISEX
1001172;0;BLAUES FUSSBETT SPORT NORMAL;SBO_00_DISRESALV;ORTHOPEDICS;CORE ESSENTIAL;UNISEX
1001173;0;BLAUES FUSSBETT SPORT MITTEL;SBO_00_DISRESALV;ORTHOPEDICS;CORE ESSENTIAL;UNISEX
1001174;0;BLAUES FUSSBETT SPORT SCHMAL;SBO_00_DISRESALV;ORTHOPEDICS;CORE ESSENTIAL;UNISEX
1001197;0;BIRKO BALANCE NORMAL;SBO_00_DISRESALV;ORTHOPEDICS;CORE ESSENTIAL;UNISEX
1001198;0;BIRKO BALANCE SCHMAL;SBO_00_DISRESALV;ORTHOPEDICS;CORE ESSENTIAL;UNISEX
1021145;0;BIRKO BASIC (1/2), UNBEZOGEN(BIRKOFLEX);SBO_00_DISRESALV;ORTHOPEDICS;CORE ESSENTIAL;UNISEX
1021259;0;BIRKO BASIC (1/2), UNBEZOGEN(BIRKOFLEX);SBO_00_DISRESALV;ORTHOPEDICS;CORE ESSENTIAL;UNISEX
1028317;0;BOSTON CHUNKY LEVE BLACK;SBO_00_DISRESALV;N/A;SEASONAL;WOMENS
1028403;0;ARIZONA CHUNKY LEVE BLACK;SBO_00_DISRESALV;N/A;SEASONAL;WOMENS
1028367;0;ARIZONA CHUNKY LEVE GREEN TEA;SBO_00_DISRESALV;N/A;SEASONAL;WOMENS
1027182;0;PROFI BIRKI FUSION PU BLACK;SBO_00_DISRESALV;PROFESSIONAL;CORE ESSENTIAL;UNISEX
1027200;0;SUPER-BIRKI FUSION PU BLUE;SBO_00_DISRESALV;PROFESSIONAL;CORE ESSENTIAL;UNISEX
1027183;0;SUPER-BIRKI FUSION PU GREEN;SBO_00_DISRESALV;PROFESSIONAL;CORE ESSENTIAL;UNISEX
1027193;0;SUPER-BIRKI FUSION PU RED;SBO_00_DISRESALV;PROFESSIONAL;CORE ESSENTIAL;UNISEX
1027181;0;SUPER-BIRKI FUSION PU WHITE;SBO_00_DISRESALV;PROFESSIONAL;CORE ESSENTIAL;UNISEX
1026177;0;BEND LOW LENA COGNAC;SBO_00_DISRESALV;SHOES;SEASONAL;UNISEX
1026206;0;BEND LOW LENA COGNAC;SBO_00_DISRESALV;SHOES;SEASONAL;UNISEX
1028203;0;BEND LOW LEVE FADED PURPLE;SBO_00_DISRESALV;SHOES;SEASONAL;UNISEX
1028569;0;OSWEGO LEVE MIDNIGHT;SBO_00_DISRESALV;SHOES;SEASONAL;UNISEX
1028606;0;BEND LOW LEVE MIDNIGHT;SBO_00_DISRESALV;SHOES;SEASONAL;UNISEX
1028622;0;BEND LOW LEVE MIDNIGHT;SBO_00_DISRESALV;SHOES;SEASONAL;UNISEX
1028563;0;OSWEGO LEVE TAUPE;SBO_00_DISRESALV;SHOES;SEASONAL;UNISEX
1028573;0;OSWEGO LEVE TAUPE;SBO_00_DISRESALV;SHOES;SEASONAL;UNISEX
1028582;0;BEND LOW LEVE TAUPE;SBO_00_DISRESALV;SHOES;SEASONAL;UNISEX
1028610;0;BEND LOW LEVE TAUPE;SBO_00_DISRESALV;SHOES;SEASONAL;UNISEX
